domain,question,answer
AI,"What is the difference between symbolic AI and sub-symbolic AI?","Symbolic AI uses explicit rules and logic (expert systems), while sub-symbolic AI relies on data-driven learning (neural networks). Modern AI often combines both."
AI,"Can you explain the trade-offs between rule-based systems and machine learning models?","Rule-based systems are interpretable but rigid, while ML models adapt to data but are often black-box. Choice depends on use case requirements."
AI,"What are the main challenges in Natural Language Processing (NLP)?","Ambiguity, context understanding, sarcasm detection, multilingual support, and low-resource languages are major challenges in NLP."
AI,"How does reinforcement learning differ from supervised learning in real-world applications?","Supervised learning learns from labeled data, while RL learns by trial-and-error interactions with an environment, useful in robotics, gaming, and recommendation systems."
AI,"What is the role of knowledge graphs in AI applications?","Knowledge graphs represent entities and their relationships, enabling semantic search, recommendation, and reasoning in AI systems."
AI,"What are the ethical concerns in deploying AI models?","Bias, fairness, interpretability, privacy, job displacement, and accountability are key concerns when deploying AI in real-world applications."
AI,"How would you design an AI system for fraud detection in banking?","Combine anomaly detection with supervised classification on transaction history, use feature engineering, and ensure explainability for compliance."
AI,"What are transfer learning and its benefits in AI?","Transfer learning reuses knowledge from pre-trained models on new tasks with limited data, reducing training cost and improving performance."
AI,"What is the difference between strong AI and weak AI?","Weak AI is domain-specific (chatbots, image classifiers), while strong AI would have human-like reasoning and adaptability, which remains theoretical."
AI,"How do AI agents handle uncertainty in real-world environments?","They use probabilistic models (Bayesian networks, Markov Decision Processes) and reinforcement learning to act under incomplete or noisy information."
ML,"How do you handle imbalanced datasets in ML?","Techniques include resampling (oversampling/undersampling), using weighted loss functions, anomaly detection approaches, and generating synthetic data with SMOTE."
ML,"Can you explain the bias-variance tradeoff?","Bias is error from oversimplified models, variance is error from overly complex models. The tradeoff is balancing underfitting and overfitting."
ML,"What are ensemble methods and why are they effective?","Ensemble methods like Random Forest and Gradient Boosting combine multiple models to reduce variance, bias, and improve generalization."
ML,"How does a Random Forest differ from a Decision Tree?","Decision Trees are prone to overfitting, while Random Forest aggregates multiple trees trained on subsets of data to improve robustness."
ML,"When would you use logistic regression instead of a neural network?","Logistic regression is interpretable and efficient for linearly separable problems, while neural networks handle complex, non-linear relationships."
ML,"What are the differences between L1 and L2 regularization?","L1 encourages sparsity by penalizing absolute weights, while L2 penalizes squared weights, leading to small but non-zero coefficients."
ML,"Explain feature selection vs feature extraction.","Feature selection picks the most relevant features, while feature extraction (like PCA) transforms features into new dimensions."
ML,"What is the role of learning rate in gradient descent?","It controls step size; too high causes divergence, too low slows convergence. Adaptive methods (Adam, RMSProp) adjust rates automatically."
ML,"How do you evaluate a classification model on unbalanced data?","Use metrics like precision, recall, F1-score, ROC-AUC instead of accuracy, as accuracy can be misleading on imbalanced datasets."
ML,"What is the curse of dimensionality in ML?","As dimensions increase, data becomes sparse and distance metrics lose meaning, leading to degraded performance of ML models."
Data Science,"How do you handle missing data in datasets?","Methods include deletion, imputation (mean/median/mode, regression, kNN), or using ML models designed to handle missing values."
Data Science,"What steps do you follow in building a predictive model?","Steps: problem definition, data collection, preprocessing, feature engineering, model selection, training, evaluation, deployment, and monitoring."
Data Science,"What is the difference between supervised and unsupervised data analysis?","Supervised involves labeled outcomes (classification/regression), unsupervised finds hidden patterns (clustering, dimensionality reduction)."
Data Science,"How do you identify outliers in data?","Methods include statistical approaches (z-score, IQR), visualization (boxplot, scatter), and model-based methods (Isolation Forest, DBSCAN)."
Data Science,"What is the role of feature engineering in data science?","Feature engineering creates meaningful input variables that improve model accuracy, often more impactful than model choice itself."
Data Science,"Explain the difference between Type I and Type II errors.","Type I error rejects a true null hypothesis (false positive), Type II fails to reject a false null hypothesis (false negative)."
Data Science,"What are some common pitfalls in data science projects?","Pitfalls include data leakage, ignoring domain knowledge, overfitting, poor feature selection, and lack of reproducibility."
Data Science,"What are data pipelines and why are they important?","Data pipelines automate data ingestion, cleaning, transformation, and storage to ensure consistency and scalability."
Data Science,"How do you ensure reproducibility in data science work?","By using version control, fixed random seeds, documentation, environment management (Docker, Conda), and automated pipelines."
Data Science,"What is the difference between correlation and causation in data analysis?","Correlation shows association, but causation requires experimental or causal inference methods like A/B testing or causal models."
Web Dev,"What is the difference between client-side rendering (CSR) and server-side rendering (SSR)?","CSR loads JS on client and renders in-browser, SSR renders HTML on the server. SSR improves SEO and initial load time, CSR improves interactivity."
Web Dev,"Explain the difference between HTTP and HTTPS.","HTTPS is HTTP with TLS encryption for secure communication, protecting against eavesdropping and man-in-the-middle attacks."
Web Dev,"What are RESTful APIs and how do they differ from GraphQL?","REST APIs expose resources via endpoints, GraphQL allows flexible queries for specific data. REST is simpler, GraphQL reduces overfetching."
Web Dev,"What are cookies, local storage, and session storage?","Cookies store small amounts of data sent with requests, local storage is persistent client storage, session storage is temporary and per session."
Web Dev,"What are some common security vulnerabilities in web applications?","Examples include XSS, SQL injection, CSRF, broken authentication, and insecure direct object references."
Web Dev,"How do you optimize a web application for performance?","Techniques: lazy loading, caching, CDN, minification, code splitting, database indexing, and image compression."
Web Dev,"What is CORS and why is it important?","Cross-Origin Resource Sharing controls how resources are shared between domains, preventing unauthorized cross-origin requests."
Web Dev,"What are microservices in web development?","Microservices are an architectural style where applications are broken into loosely coupled services that communicate via APIs."
Web Dev,"How does responsive web design work?","It uses flexible grids, fluid layouts, and CSS media queries to adapt layouts to different screen sizes."
Web Dev,"What are WebSockets and how do they differ from HTTP?","WebSockets provide full-duplex communication for real-time apps (chat, gaming), while HTTP is request-response based."
Python,"What is the difference between deep copy and shallow copy in Python?","Shallow copy copies references of objects, deep copy creates independent objects recursively."
Python,"How does Python’s memory management work?","Python uses reference counting and garbage collection to manage memory. Cyclic references are handled by the garbage collector."
Python,"What is the difference between iterators and generators in Python?","Iterators implement __iter__() and __next__(), while generators use yield to produce values lazily."
Python,"What are Python’s global, local, and nonlocal scopes?","Local scope is inside functions, global is module-wide, nonlocal is used for enclosing function variables."
Python,"What is the difference between @staticmethod, @classmethod, and instance methods?","Static methods don’t access class/instance, class methods take cls, instance methods take self."
Python,"What are Python metaclasses?","Metaclasses are classes of classes that define behavior of other classes, controlling class creation."
Python,"How does Python handle multithreading given the GIL?","GIL allows only one thread to execute Python bytecode at a time, making threading useful for I/O but not CPU-bound tasks."
Python,"What is the difference between is and == in Python?","is checks object identity (same memory reference), == checks value equality."
Python,"How are exceptions handled in Python?","Exceptions are caught using try-except-finally blocks; custom exceptions can be defined using classes."
Python,"What are Python’s data structures and when would you use them?","Lists (ordered, mutable), tuples (immutable), sets (unique items), dicts (key-value). Choice depends on mutability and uniqueness needs."
SQL,"What is the difference between OLTP and OLAP databases?","OLTP handles transactional workloads (insert, update, delete), OLAP supports analytical queries on large datasets."
SQL,"What are database indexes and their trade-offs?","Indexes speed up queries but slow down inserts/updates and consume extra storage."
SQL,"Explain normalization vs denormalization.","Normalization reduces redundancy, denormalization increases redundancy for query speed."
SQL,"How would you find the second highest salary in an employee table?","Using subqueries: SELECT MAX(salary) FROM employees WHERE salary < (SELECT MAX(salary) FROM employees);"
SQL,"What are window functions in SQL?","They perform calculations across sets of rows related to the current row, e.g., RANK(), ROW_NUMBER(), LEAD(), LAG()."
SQL,"What is the difference between a clustered and non-clustered index?","Clustered index defines physical data order, non-clustered creates separate structures pointing to data."
SQL,"How do you optimize slow SQL queries?","Techniques: indexing, query rewriting, avoiding SELECT *, analyzing execution plans, partitioning tables."
SQL,"What are transactions and ACID properties?","Transactions group operations; ACID ensures Atomicity, Consistency, Isolation, Durability."
SQL,"What are common SQL join types and when to use them?","INNER JOIN (matching rows), LEFT JOIN (all left rows + matches), RIGHT JOIN, FULL JOIN, CROSS JOIN."
SQL,"What is the difference between UNION and JOIN in SQL?","UNION combines result sets vertically, JOIN combines tables horizontally based on keys."
